user_id,age,income,prior_spend,visits,region,coupon,purchase,revenue
1,22,89959.0,260.34,6,east,1,0,0.0
2,58,59949.65,559.47,6,east,1,1,128.22
3,52,72269.09,240.01,2,south,0,0,0.0
4,40,20000.0,98.36,8,north,1,0,0.0
5,40,41873.05,487.5,2,west,0,0,0.0
6,62,59124.42,51.24,5,north,0,0,0.0
7,22,43557.34,435.15,3,east,0,0,0.0
8,54,79287.93,222.71,3,north,1,0,0.0
9,28,104945.93,178.22,7,north,0,0,0.0
10,22,41467.71,174.73,4,west,1,0,0.0
11,45,48250.73,200.59,8,east,0,0,0.0
12,68,69708.97,158.94,5,north,1,0,0.0
13,56,97222.32,304.65,4,north,1,0,0.0
14,57,40552.51,163.33,5,south,1,0,0.0
15,55,69980.72,223.91,6,east,1,0,0.0
16,58,101425.98,31.21,5,south,0,0,0.0
17,44,31964.82,222.84,5,west,1,0,0.0
18,24,39378.62,156.46,4,east,0,0,0.0
19,61,56527.87,414.34,6,east,1,1,93.84
20,41,54588.23,183.9,2,south,0,0,0.0
21,44,81252.03,375.27,3,east,0,0,0.0
22,37,69833.19,347.17,0,west,1,1,83.09
23,27,29500.76,353.62,4,north,0,0,0.0
24,66,75308.21,188.89,3,east,0,1,92.18
25,58,53449.22,233.54,2,west,0,0,0.0
26,51,90488.94,299.08,7,south,1,0,0.0
27,38,52448.25,238.73,2,west,1,0,0.0
28,60,52267.69,184.21,6,south,1,0,0.0
29,46,75822.63,106.4,5,north,0,1,106.18
30,41,80258.53,225.81,3,west,1,0,0.0
31,41,73961.99,57.27,6,south,1,1,85.27
32,29,31288.05,28.48,5,west,1,0,0.0
33,22,75760.69,86.13,4,south,1,0,0.0
34,46,44313.84,350.87,8,south,0,1,76.27
35,64,69705.52,264.1,5,east,1,0,0.0
36,21,36525.31,353.25,4,south,0,1,101.27
37,62,73926.44,128.63,3,west,0,0,0.0
38,61,48868.02,442.4,4,north,0,0,0.0
39,32,39347.31,64.16,5,north,0,0,0.0
40,50,79276.4,89.08,3,north,0,0,0.0
41,26,69832.89,437.35,4,south,0,0,0.0
42,57,52720.46,250.78,9,north,1,0,0.0
43,54,94023.58,354.68,4,south,1,0,0.0
44,36,56186.95,264.88,4,north,0,0,0.0
45,21,65642.15,143.94,3,west,1,0,0.0
46,68,70378.27,79.7,5,north,0,0,0.0
47,41,52606.68,38.07,1,west,0,0,0.0
48,64,74422.73,670.72,5,west,1,0,0.0
49,53,54330.95,49.18,5,east,0,1,42.11
50,58,56767.23,547.41,4,west,0,1,89.79
51,57,92252.85,241.05,5,west,0,0,0.0
52,28,44188.28,270.64,3,west,0,0,0.0
53,36,20000.0,258.35,12,east,1,1,90.11
54,42,97218.74,325.31,4,east,1,0,0.0
55,43,115986.56,118.57,9,south,1,0,0.0
56,20,56894.61,23.85,6,east,0,0,0.0
57,46,26263.24,141.54,4,south,0,0,0.0
58,26,58790.32,306.78,6,north,0,0,0.0
59,56,59275.54,89.87,3,west,1,0,0.0
60,53,61201.52,449.55,4,east,1,1,96.24
61,65,42732.24,203.35,4,east,1,0,0.0
62,56,76591.22,82.49,0,south,0,0,0.0
63,37,75490.15,249.03,2,west,0,0,0.0
64,68,35111.89,303.25,7,east,0,0,0.0
65,39,78983.93,318.41,4,north,0,0,0.0
66,34,106053.7,437.67,5,west,1,0,0.0
67,65,68439.21,59.35,6,west,1,0,0.0
68,37,58253.5,438.07,2,west,1,0,0.0
69,21,62159.94,464.77,3,south,0,0,0.0
70,42,77305.14,79.86,3,north,1,1,74.09
71,59,30386.57,95.19,9,north,1,0,0.0
72,27,68287.81,366.82,9,east,0,0,0.0
73,42,57190.72,164.13,3,west,0,0,0.0
74,24,101956.5,510.04,2,north,0,0,0.0
75,53,61516.55,603.39,6,east,1,1,113.45
76,42,98357.75,82.4,5,north,0,0,0.0
77,35,42925.19,116.6,3,west,0,0,0.0
78,29,76745.18,239.91,6,north,0,0,0.0
79,47,71388.01,22.97,4,west,0,0,0.0
80,52,47619.06,39.37,3,north,1,0,0.0
81,66,68547.92,105.57,3,south,1,0,0.0
82,40,89250.38,738.28,4,east,1,1,123.48
83,26,58524.17,266.69,7,west,0,0,0.0
84,61,31160.75,132.98,8,south,1,1,74.65
85,50,64648.74,94.52,4,west,1,0,0.0
86,54,46951.54,79.02,1,north,1,0,0.0
87,23,58153.18,141.0,2,south,0,0,0.0
88,34,63368.24,134.55,9,west,1,0,0.0
89,57,30886.96,187.47,3,south,1,0,0.0
90,61,32686.83,313.32,4,east,0,0,0.0
91,40,74641.34,209.78,5,south,0,0,0.0
92,59,54545.63,381.62,8,south,1,1,97.41
93,61,20000.0,177.39,3,west,0,0,0.0
94,38,80696.88,633.18,6,east,0,1,107.86
95,64,70447.4,375.41,6,east,1,1,104.92
96,32,50722.5,261.54,6,east,0,0,0.0
97,30,38663.4,314.05,1,west,0,0,0.0
98,53,81716.16,144.11,5,south,0,1,74.85
99,51,71987.01,185.16,3,west,1,0,0.0
100,25,112652.05,179.76,5,east,1,0,0.0
101,61,73403.77,120.29,3,west,1,0,0.0
102,28,72754.06,66.81,6,west,0,0,0.0
103,59,61661.44,325.83,5,north,0,0,0.0
104,18,81335.52,422.43,7,south,0,0,0.0
105,59,77501.7,294.61,6,south,1,0,0.0
106,58,90034.5,209.32,6,south,0,0,0.0
107,58,54573.54,818.42,7,south,1,1,92.17
108,52,56291.85,131.6,6,north,1,0,0.0
109,42,55417.94,267.88,3,west,0,0,0.0
110,54,80816.03,463.08,8,west,0,1,63.6
111,32,94967.49,86.77,5,east,0,0,0.0
112,58,55823.19,343.04,7,south,1,0,0.0
113,46,56504.53,659.97,5,west,1,0,0.0
114,41,71281.54,222.33,10,south,0,0,0.0
115,44,60084.77,251.15,5,south,0,0,0.0
116,47,84041.07,132.25,4,west,1,0,0.0
117,19,20000.0,311.58,1,west,0,0,0.0
118,25,48465.9,117.84,2,east,1,0,0.0
119,30,49351.67,212.75,5,north,0,0,0.0
120,23,20000.0,58.97,6,north,0,0,0.0
121,40,45727.23,10.91,3,west,1,0,0.0
122,52,46696.88,154.4,4,south,0,0,0.0
123,52,60977.91,152.44,5,east,0,0,0.0
124,42,87259.32,165.02,6,south,0,0,0.0
125,62,60098.79,367.82,5,south,1,1,88.02
126,47,44383.73,430.33,4,west,0,1,83.59
127,22,63860.91,275.85,9,east,0,0,0.0
128,57,85983.47,350.58,4,south,0,0,0.0
129,47,45480.82,120.7,1,south,1,0,0.0
130,51,46788.5,97.33,3,north,1,0,0.0
131,47,76170.98,315.95,5,east,0,0,0.0
132,46,60569.28,85.72,5,east,0,0,0.0
133,22,77949.69,77.23,5,north,0,0,0.0
134,47,64727.06,1094.97,5,south,1,0,0.0
135,59,79033.27,232.93,3,east,1,0,0.0
136,33,44298.44,152.52,6,north,0,1,71.49
137,49,64758.31,139.0,6,west,1,1,115.49
138,19,60786.2,60.66,5,west,0,0,0.0
139,36,40682.18,271.78,8,east,0,0,0.0
140,40,33730.44,177.06,9,north,0,0,0.0
141,69,78714.98,422.27,5,east,1,0,0.0
142,29,57980.95,322.76,6,west,0,1,67.69
143,32,44554.39,172.46,5,north,0,0,0.0
144,39,63076.42,31.04,3,west,0,0,0.0
145,69,87560.38,233.39,5,west,1,0,0.0
146,62,20000.0,218.4,4,north,1,0,0.0
147,19,35067.23,23.85,3,north,1,0,0.0
148,30,46542.27,297.63,8,east,1,0,0.0
149,60,94223.58,83.1,3,west,0,0,0.0
150,21,70651.74,436.91,1,west,1,0,0.0
151,62,80346.34,208.74,6,east,1,0,0.0
152,32,42196.78,135.85,5,east,0,0,0.0
153,65,42609.28,257.53,4,east,0,0,0.0
154,33,73956.27,246.32,2,east,0,0,0.0
155,40,66165.49,239.87,0,west,0,0,0.0
156,52,75974.78,399.25,4,north,1,0,0.0
157,24,61246.58,268.77,3,north,1,0,0.0
158,46,70562.87,126.17,9,north,1,0,0.0
159,44,68162.38,181.2,4,west,1,0,0.0
160,58,80555.35,541.12,3,east,0,0,0.0
161,69,81140.17,116.97,2,north,0,0,0.0
162,52,32602.56,294.31,5,north,0,0,0.0
163,39,20054.63,409.07,2,south,0,0,0.0
164,39,85034.91,314.2,2,north,0,0,0.0
165,39,88754.5,234.44,2,east,1,0,0.0
166,60,44587.54,261.15,3,south,1,0,0.0
167,34,27803.29,327.9,5,south,1,0,0.0
168,26,66980.7,115.81,4,north,0,0,0.0
169,35,83616.76,219.44,4,east,1,1,48.33
170,19,100951.89,815.46,4,west,0,1,155.16
171,23,75325.95,300.61,3,east,0,0,0.0
172,22,57565.67,240.45,8,west,0,0,0.0
173,58,47137.39,167.56,3,west,0,1,85.88
174,55,65229.03,116.9,12,west,1,0,0.0
175,54,59014.71,267.34,6,east,0,0,0.0
176,42,44698.64,280.49,8,north,1,1,124.2
177,55,105975.11,208.79,4,south,1,1,102.16
178,26,100703.37,1024.1,4,south,0,1,97.1
179,64,87720.97,125.53,5,east,1,0,0.0
180,44,46582.99,102.27,5,west,0,0,0.0
181,66,82100.39,169.41,4,east,0,0,0.0
182,25,77792.53,213.75,2,south,1,0,0.0
183,43,73850.91,111.88,7,west,1,0,0.0
184,54,89993.31,262.82,6,east,1,0,0.0
185,43,77707.42,283.06,4,west,1,0,0.0
186,41,79800.28,354.45,4,east,0,0,0.0
187,26,77738.13,148.91,11,east,0,0,0.0
188,37,71815.83,512.21,8,south,1,1,108.17
189,30,29327.78,338.55,5,south,0,0,0.0
190,33,66672.42,123.44,6,south,1,1,89.82
191,53,53876.16,111.46,3,south,1,0,0.0
192,50,39403.18,178.38,8,east,1,0,0.0
193,49,98636.33,283.54,3,south,1,1,63.06
194,36,99579.91,312.48,3,north,0,0,0.0
195,67,92184.41,338.12,5,north,1,1,100.43
196,22,70104.27,782.78,5,west,1,0,0.0
197,35,92012.5,42.66,6,south,0,0,0.0
198,24,65241.06,204.62,11,east,1,0,0.0
199,35,69055.95,741.9,4,west,0,0,0.0
200,68,43130.57,365.38,9,north,1,1,63.89
201,37,72939.83,96.88,5,west,0,0,0.0
202,65,66207.72,253.58,3,east,1,0,0.0
203,43,38946.96,195.72,3,east,1,0,0.0
204,54,63976.06,190.55,4,south,0,0,0.0
205,41,63405.41,146.68,4,east,0,0,0.0
206,31,100951.22,239.22,5,north,0,0,0.0
207,57,82884.27,452.05,0,south,1,0,0.0
208,68,65228.91,157.23,6,west,1,0,0.0
209,31,69975.75,339.82,6,south,0,0,0.0
210,58,65884.25,380.18,3,east,1,0,0.0
211,31,60941.72,509.52,3,west,1,0,0.0
212,55,43351.46,109.86,6,east,0,0,0.0
213,59,61978.96,225.85,5,south,1,0,0.0
214,41,50078.03,133.52,4,west,0,0,0.0
215,56,39993.69,239.54,5,west,0,0,0.0
216,32,75224.44,238.4,9,east,1,0,0.0
217,22,72825.29,87.75,1,north,1,0,0.0
218,23,29265.85,249.67,9,south,0,0,0.0
219,41,62546.31,807.47,2,south,1,0,0.0
220,64,84914.03,313.31,6,north,1,0,0.0
221,24,86184.47,72.32,3,south,1,0,0.0
222,41,85516.74,104.15,4,north,0,0,0.0
223,54,65778.26,217.65,2,east,1,0,0.0
224,28,48099.09,106.22,8,south,1,0,0.0
225,55,43326.02,492.06,7,east,0,1,90.14
226,33,71892.1,64.39,4,south,1,1,110.33
227,60,72585.6,314.8,7,east,1,0,0.0
228,48,90746.62,51.85,6,east,0,0,0.0
229,46,86999.59,215.15,4,north,0,0,0.0
230,27,62355.43,93.41,5,south,0,0,0.0
231,42,40115.88,353.92,4,east,1,0,0.0
232,62,58617.87,439.83,4,east,1,1,103.57
233,19,69344.62,282.96,3,north,0,0,0.0
234,57,60958.34,453.02,4,west,0,0,0.0
235,43,53442.12,16.6,7,north,1,0,0.0
236,55,70057.7,247.43,2,west,0,1,99.28
237,52,54920.85,311.78,5,east,1,0,0.0
238,40,52438.68,339.3,5,south,1,0,0.0
239,34,71229.06,299.43,4,north,0,0,0.0
240,50,56960.15,344.26,9,west,0,0,0.0
241,25,69882.09,245.45,6,east,1,0,0.0
242,48,70464.08,73.0,1,west,1,0,0.0
243,22,42211.42,145.81,4,west,1,0,0.0
244,51,55375.18,493.68,5,north,1,0,0.0
245,50,93755.54,458.38,4,east,1,0,0.0
246,22,41758.41,307.91,6,south,0,0,0.0
247,57,22666.91,358.92,6,west,0,0,0.0
248,39,27763.1,423.89,4,north,0,0,0.0
249,58,65582.2,305.5,1,north,1,0,0.0
250,20,65618.35,484.7,9,east,1,0,0.0
251,27,62647.78,474.42,10,east,0,0,0.0
252,43,89283.8,965.86,6,east,1,1,123.99
253,27,20000.0,150.68,5,south,0,0,0.0
254,35,72918.68,152.86,2,south,1,0,0.0
255,52,96228.76,290.18,6,west,0,0,0.0
256,25,42444.38,714.72,7,west,0,1,120.08
257,53,57403.87,509.34,4,west,0,0,0.0
258,23,49942.16,388.64,12,south,1,0,0.0
259,27,47113.08,531.7,7,west,0,0,0.0
260,48,58474.76,315.58,7,south,1,0,0.0
261,59,93549.71,179.98,6,west,0,0,0.0
262,26,101747.73,826.32,4,west,1,0,0.0
263,33,58281.22,300.05,4,north,1,0,0.0
264,66,103101.2,467.78,6,west,1,1,98.18
265,69,65711.53,16.42,6,east,1,0,0.0
266,48,100073.82,21.59,7,west,0,0,0.0
267,41,63134.03,252.95,4,east,0,0,0.0
268,36,67621.16,106.26,3,north,0,0,0.0
269,49,72309.49,269.53,4,west,0,0,0.0
270,48,128577.07,152.69,7,north,1,0,0.0
271,33,82025.71,1053.02,3,west,1,1,159.26
272,19,50854.71,443.88,4,north,0,0,0.0
273,25,84379.96,564.65,6,west,0,1,44.6
274,67,57763.35,27.78,3,south,0,0,0.0
275,39,55205.0,385.18,5,north,0,0,0.0
276,43,83172.03,196.31,3,north,1,0,0.0
277,42,65621.71,571.53,2,south,0,1,74.6
278,58,70571.52,348.7,6,west,0,0,0.0
279,21,65279.7,217.95,4,west,1,0,0.0
280,22,71731.66,80.46,6,east,0,0,0.0
281,32,73499.32,249.52,7,east,0,0,0.0
282,43,26260.66,486.51,4,south,0,0,0.0
283,52,78331.45,592.59,7,west,1,0,0.0
284,43,45359.61,171.07,3,south,0,0,0.0
285,40,36154.02,948.33,6,west,0,1,105.68
286,66,63831.78,462.21,5,south,0,1,85.09
287,26,66679.62,108.16,1,south,0,0,0.0
288,47,51129.88,87.67,5,south,1,1,64.68
289,46,81620.64,205.7,4,east,0,0,0.0
290,42,38156.5,170.73,6,east,1,0,0.0
291,59,56861.13,317.3,6,west,0,0,0.0
292,31,53302.52,231.06,7,north,0,0,0.0
293,67,64068.25,182.06,7,north,1,1,91.83
294,35,70577.29,54.96,2,west,0,0,0.0
295,46,44842.14,355.91,6,west,1,0,0.0
296,45,79485.65,50.22,2,north,0,0,0.0
297,62,66260.05,463.19,10,west,0,0,0.0
298,40,27161.07,31.79,4,south,0,0,0.0
299,32,25828.17,47.19,1,west,0,0,0.0
300,19,64753.61,107.73,7,west,1,1,83.57
301,36,60580.65,159.08,5,east,0,1,77.86
302,60,62931.6,134.11,5,north,0,0,0.0
303,18,64440.35,158.54,1,west,1,0,0.0
304,64,69511.2,273.33,6,north,1,1,93.21
305,46,83952.99,109.91,5,south,1,0,0.0
306,25,42777.9,275.13,2,east,1,0,0.0
307,33,41560.57,16.74,1,north,0,0,0.0
308,46,43133.52,106.37,4,south,0,0,0.0
309,34,70778.33,44.75,2,west,0,0,0.0
310,23,89898.95,459.71,2,north,1,0,0.0
311,52,56373.21,122.71,5,south,1,0,0.0
312,52,20000.0,340.98,5,north,1,0,0.0
313,24,30920.14,36.44,4,east,1,0,0.0
314,32,48339.27,586.3,8,north,1,1,99.14
315,30,53845.42,240.96,6,south,0,0,0.0
316,52,56832.23,221.25,1,east,0,0,0.0
317,55,65771.62,55.64,3,north,1,0,0.0
318,55,58765.07,95.09,2,north,0,0,0.0
319,66,85986.79,186.53,0,west,0,1,80.76
320,57,51479.65,98.39,5,west,0,0,0.0
321,34,47753.64,430.07,4,north,0,0,0.0
322,23,74577.51,235.69,3,west,0,0,0.0
323,49,34287.16,99.48,10,south,0,0,0.0
324,65,72793.83,386.97,3,north,0,1,72.47
325,68,67051.06,167.82,0,west,1,0,0.0
326,29,62051.15,375.2,9,south,1,0,0.0
327,30,96765.52,147.23,8,south,0,0,0.0
328,19,52555.85,324.95,2,north,0,0,0.0
329,25,106205.96,163.21,7,west,0,0,0.0
330,46,60491.37,430.17,4,south,0,0,0.0
331,46,39459.67,37.37,3,east,0,0,0.0
332,37,66398.39,74.46,6,north,0,1,97.27
333,34,43475.1,199.6,3,west,0,0,0.0
334,61,49964.88,127.41,4,west,1,0,0.0
335,41,72940.67,159.26,4,east,1,0,0.0
336,60,76111.64,351.0,4,south,0,0,0.0
337,68,52556.65,156.6,4,east,0,0,0.0
338,34,84748.1,282.15,6,south,1,0,0.0
339,28,88150.16,105.71,6,west,1,0,0.0
340,67,93726.04,28.73,5,east,1,0,0.0
341,51,75588.27,373.63,7,north,1,1,82.62
342,33,92268.57,673.31,4,west,1,0,0.0
343,50,27384.03,261.57,4,north,0,0,0.0
344,44,58641.87,207.96,2,south,0,0,0.0
345,65,47659.89,242.02,3,south,0,0,0.0
346,31,67384.52,534.31,2,north,1,0,0.0
347,69,53571.02,263.83,4,west,1,0,0.0
348,66,61676.84,386.02,6,west,0,0,0.0
349,27,102643.5,374.51,11,north,0,0,0.0
350,26,61605.6,454.62,4,south,0,0,0.0
351,45,73275.85,204.57,7,south,0,0,0.0
352,20,60354.61,145.62,7,east,1,0,0.0
353,33,66514.27,327.46,5,east,0,0,0.0
354,40,65120.33,433.41,7,east,1,1,73.57
355,68,73966.48,488.84,7,north,0,0,0.0
356,69,88306.15,577.57,10,east,1,1,89.52
357,25,97947.88,407.61,7,north,0,1,93.71
358,64,71192.4,139.15,4,north,1,0,0.0
359,22,76790.94,261.35,6,west,1,0,0.0
360,56,41982.71,244.91,5,north,1,0,0.0
361,61,63242.47,225.81,6,north,0,1,83.74
362,64,83805.79,327.92,4,south,0,0,0.0
363,29,82319.37,190.53,5,east,1,0,0.0
364,64,69232.19,190.74,3,east,0,1,84.76
365,24,82727.88,699.78,6,north,0,0,0.0
366,44,74815.33,212.72,2,west,0,0,0.0
367,42,89006.13,452.44,5,south,1,0,0.0
368,34,70787.18,469.92,5,east,1,0,0.0
369,19,57886.03,266.56,1,north,0,0,0.0
370,58,71716.83,196.52,4,west,0,1,103.81
371,35,20000.0,109.5,5,south,0,0,0.0
372,52,72657.71,49.43,7,west,1,0,0.0
373,39,20000.0,344.25,7,south,1,0,0.0
374,37,30530.73,297.72,9,east,1,0,0.0
375,64,74035.37,379.5,10,east,0,1,108.76
376,22,74550.59,153.25,3,north,0,0,0.0
377,56,41751.42,745.44,9,north,1,1,98.42
378,56,50757.96,316.34,6,south,1,1,80.68
379,37,92410.82,206.72,8,north,1,1,73.96
380,31,55319.4,26.56,2,east,1,0,0.0
381,18,109858.41,167.29,5,north,0,0,0.0
382,66,64961.6,391.77,5,east,1,0,0.0
383,67,73160.72,567.89,3,north,1,0,0.0
384,30,97337.49,231.64,3,north,0,0,0.0
385,19,67620.54,628.54,5,south,1,1,133.15
386,24,44953.12,102.38,3,east,0,0,0.0
387,21,62805.45,304.06,8,south,1,0,0.0
388,61,64287.79,310.1,6,south,0,0,0.0
389,64,37705.17,346.15,4,south,0,0,0.0
390,25,59883.36,255.35,3,south,0,0,0.0
391,56,50156.16,292.5,10,south,1,0,0.0
392,27,83487.16,100.23,9,west,1,1,78.8
393,37,65692.24,532.74,2,east,1,0,0.0
394,49,59344.09,423.14,9,south,0,1,61.57
395,55,62876.36,284.46,3,east,1,0,0.0
396,63,69462.44,429.77,2,east,1,0,0.0
397,20,77336.28,543.86,4,west,0,1,71.29
398,28,45005.76,342.71,2,east,1,0,0.0
399,32,44168.25,797.03,4,north,1,0,0.0
400,34,87093.58,362.41,5,east,0,0,0.0
401,69,56753.26,114.38,1,west,0,0,0.0
402,58,36663.16,274.41,6,north,1,0,0.0
403,34,73876.25,440.99,7,north,1,1,91.48
404,68,74267.4,544.2,2,east,1,0,0.0
405,43,34385.69,259.27,3,west,1,0,0.0
406,44,69589.63,106.72,3,south,0,0,0.0
407,40,79711.66,193.3,9,east,0,0,0.0
408,25,72487.73,68.98,7,east,0,0,0.0
409,66,77639.63,388.01,6,east,1,0,0.0
410,18,36914.62,165.65,3,north,0,0,0.0
411,27,71620.8,130.1,9,south,1,1,106.34
412,29,58947.6,413.78,5,west,1,0,0.0
413,32,55344.2,620.41,4,west,0,0,0.0
414,24,82411.11,129.63,5,west,0,1,58.04
415,18,94585.49,260.49,4,north,0,0,0.0
416,53,100887.4,199.52,9,south,1,1,128.78
417,68,91296.16,560.63,4,north,0,1,76.12
418,24,62805.32,217.11,7,south,0,1,79.7
419,33,72054.4,98.09,4,west,0,0,0.0
420,44,80336.46,224.87,3,south,0,0,0.0
421,66,67423.56,486.0,2,north,0,0,0.0
422,54,67615.28,190.72,3,east,1,1,110.47
423,57,81475.06,141.1,5,west,0,0,0.0
424,48,63814.35,209.89,3,east,1,0,0.0
425,39,50414.26,100.9,9,west,1,0,0.0
426,28,56710.54,199.32,7,east,0,0,0.0
427,62,77678.21,149.9,4,east,0,0,0.0
428,59,65059.87,889.84,8,west,1,1,138.1
429,19,71804.2,34.68,6,south,0,0,0.0
430,55,78401.58,113.95,9,south,0,0,0.0
431,22,57503.17,141.02,3,east,0,0,0.0
432,56,80124.96,101.51,4,east,1,0,0.0
433,60,72576.85,306.14,5,south,1,0,0.0
434,24,40303.74,127.71,3,south,0,0,0.0
435,40,93846.1,61.92,6,north,0,0,0.0
436,24,54985.11,244.05,7,east,0,0,0.0
437,47,31898.09,182.39,3,north,0,0,0.0
438,66,44099.13,132.77,6,south,0,0,0.0
439,22,44579.1,551.54,3,south,0,0,0.0
440,38,66043.47,313.34,3,west,1,0,0.0
441,68,59522.99,289.42,4,south,0,0,0.0
442,33,58263.36,318.17,6,north,1,0,0.0
443,24,77394.04,306.98,2,east,0,0,0.0
444,43,71797.51,189.6,2,north,0,0,0.0
445,44,71320.96,128.84,9,south,1,0,0.0
446,52,73196.57,247.95,2,south,0,0,0.0
447,34,77322.69,186.94,3,north,1,1,95.7
448,67,22840.93,34.12,9,west,0,0,0.0
449,45,57711.23,93.82,10,south,1,0,0.0
450,32,21395.8,169.23,6,east,1,0,0.0
451,67,65721.2,419.73,7,west,1,1,98.84
452,66,64907.34,248.73,5,south,1,0,0.0
453,43,85910.65,110.31,10,west,0,0,0.0
454,19,88752.69,86.67,6,south,0,0,0.0
455,49,69055.5,480.18,5,west,0,1,62.91
456,46,54992.78,196.33,3,south,1,0,0.0
457,25,74703.22,6.16,7,north,0,0,0.0
458,50,54441.65,205.92,8,west,1,0,0.0
459,61,64972.15,360.95,3,west,1,1,89.1
460,23,84722.73,84.24,2,west,1,0,0.0
461,55,53844.57,235.26,13,north,1,1,112.48
462,25,81113.57,251.61,2,west,1,0,0.0
463,56,78548.03,88.96,3,south,0,0,0.0
464,39,45904.16,509.02,4,west,0,0,0.0
465,18,84477.88,254.76,4,west,0,0,0.0
466,68,78971.33,168.55,4,north,1,0,0.0
467,26,67038.52,197.34,2,south,0,0,0.0
468,48,49753.53,74.07,2,south,0,0,0.0
469,27,47815.88,71.17,5,south,1,0,0.0
470,66,54246.75,156.43,3,east,0,0,0.0
471,56,75851.89,164.24,7,south,0,0,0.0
472,59,45887.5,187.62,4,east,0,1,87.38
473,40,73750.24,538.52,3,east,0,0,0.0
474,42,40164.89,347.83,1,north,0,0,0.0
475,50,60918.63,40.75,5,north,1,0,0.0
476,58,67192.96,473.11,6,east,1,0,0.0
477,62,113902.6,155.46,7,north,1,1,100.1
478,18,37453.69,370.78,5,north,0,0,0.0
479,52,94440.29,165.46,7,east,1,0,0.0
480,23,67996.85,243.19,1,south,0,0,0.0
481,32,73223.44,79.44,3,north,0,0,0.0
482,61,67366.96,282.87,3,south,1,1,83.89
483,31,73894.54,399.53,8,east,1,0,0.0
484,59,61926.3,49.73,4,west,0,0,0.0
485,42,94081.0,403.68,8,west,0,1,121.43
486,30,55870.58,128.39,5,east,1,0,0.0
487,35,87644.69,651.73,5,west,1,1,120.87
488,45,52112.66,375.42,6,east,1,0,0.0
489,57,63794.96,332.48,9,south,1,1,70.13
490,49,43560.75,198.21,7,west,1,0,0.0
491,66,74100.47,993.14,2,south,1,1,103.54
492,63,93902.52,156.24,4,west,0,1,109.82
493,57,63452.88,95.78,5,west,1,0,0.0
494,49,61062.29,132.16,3,south,0,0,0.0
495,33,42707.66,448.16,4,east,0,0,0.0
496,39,60414.15,239.85,6,west,0,0,0.0
497,24,33144.11,214.87,4,west,0,0,0.0
498,37,46742.44,158.09,4,north,0,0,0.0
499,66,69535.72,206.67,7,west,0,1,81.14
500,40,91380.26,149.57,4,east,0,0,0.0
501,23,121184.22,354.03,4,north,0,0,0.0
502,51,53268.3,184.38,2,north,0,0,0.0
503,68,93706.0,134.19,4,east,1,1,105.74
504,63,69875.05,423.59,8,south,1,1,103.8
505,32,61975.05,98.5,10,north,1,0,0.0
506,41,73651.89,242.3,5,east,0,0,0.0
507,45,66238.33,33.85,4,east,0,0,0.0
508,30,67207.91,65.66,4,north,0,0,0.0
509,31,56833.34,169.41,3,south,1,0,0.0
510,30,37037.81,147.39,7,south,1,0,0.0
511,69,34127.5,147.21,5,west,0,0,0.0
512,56,78064.9,377.73,5,east,1,0,0.0
513,61,59466.0,392.63,7,north,1,1,121.06
514,60,53078.22,276.67,5,east,0,0,0.0
515,67,65170.11,93.9,3,west,1,0,0.0
516,23,80898.65,205.47,6,north,0,0,0.0
517,63,68607.28,710.86,2,west,0,1,94.52
518,21,51878.9,932.13,7,north,0,1,91.7
519,42,89525.86,426.32,7,east,0,0,0.0
520,48,96583.71,97.2,5,south,1,0,0.0
521,36,74891.13,206.83,5,east,1,1,107.94
522,25,84473.27,263.99,1,west,0,0,0.0
523,27,89839.2,236.59,6,west,1,0,0.0
524,60,87601.99,456.04,6,west,0,1,56.68
525,34,77281.98,366.68,9,west,1,0,0.0
526,34,76966.94,92.62,4,south,0,0,0.0
527,66,75393.21,136.85,3,south,0,0,0.0
528,25,43053.25,425.14,3,east,0,1,96.02
529,65,79014.46,550.03,2,north,0,1,102.01
530,65,37883.72,266.32,8,east,0,0,0.0
531,49,49108.01,594.28,4,east,1,1,109.2
532,26,91071.3,245.33,6,west,1,0,0.0
533,26,81804.4,107.5,6,north,0,0,0.0
534,32,94747.97,344.6,2,north,0,0,0.0
535,48,59566.51,1193.21,5,north,1,1,150.47
536,25,41955.02,74.62,5,east,1,0,0.0
537,41,60191.26,579.92,3,east,1,0,0.0
538,24,67040.63,331.53,5,east,1,1,72.51
539,46,66579.77,130.27,6,north,1,0,0.0
540,19,87673.61,34.81,7,south,0,0,0.0
541,54,57774.59,20.8,5,south,1,0,0.0
542,20,72040.69,146.97,4,north,1,0,0.0
543,28,45227.46,295.48,6,west,1,0,0.0
544,27,74006.35,404.82,8,north,1,0,0.0
545,61,65062.17,467.93,1,east,1,0,0.0
546,20,50003.73,277.53,4,south,0,0,0.0
547,40,60283.41,248.04,5,west,1,0,0.0
548,48,61316.49,173.8,8,east,0,0,0.0
549,44,59596.9,300.48,5,south,1,0,0.0
550,53,100426.82,131.92,4,east,1,0,0.0
551,59,63031.08,78.39,3,north,0,0,0.0
552,38,60122.08,237.14,5,north,1,0,0.0
553,61,23050.98,384.43,2,south,1,0,0.0
554,34,47115.85,63.48,4,west,1,0,0.0
555,69,59738.53,146.98,6,west,1,0,0.0
556,44,51282.95,230.82,3,south,1,1,99.17
557,56,92634.15,227.3,1,south,1,0,0.0
558,63,61701.24,325.52,6,west,1,1,86.52
559,59,90768.88,697.99,6,east,1,1,90.38
560,62,66234.09,21.06,7,north,0,0,0.0
561,45,65744.56,718.0,1,north,1,0,0.0
562,20,63224.07,678.25,3,west,1,1,75.46
563,43,65075.93,409.3,5,west,0,0,0.0
564,27,99375.9,262.82,5,west,1,1,113.91
565,64,20000.0,134.08,12,north,1,0,0.0
566,30,24969.09,405.98,8,west,1,1,80.98
567,29,54136.58,272.52,7,north,1,1,74.7
568,30,65290.56,176.69,3,west,1,1,72.67
569,51,78802.09,398.98,3,west,0,0,0.0
570,47,74461.74,445.67,6,south,0,1,89.31
571,67,57315.08,547.26,4,north,0,0,0.0
572,39,85380.87,122.08,5,east,1,0,0.0
573,32,85603.91,502.04,6,north,1,1,103.11
574,20,68681.16,179.26,6,east,0,0,0.0
575,18,84253.15,263.35,8,south,1,0,0.0
576,37,70452.91,300.65,6,south,1,0,0.0
577,66,53770.34,475.59,7,west,1,1,119.21
578,45,78956.34,371.95,5,west,0,0,0.0
579,64,67212.26,174.4,4,south,1,0,0.0
580,23,65026.8,24.89,4,south,0,0,0.0
581,22,94459.07,322.87,6,west,1,1,100.2
582,61,20000.0,255.61,6,south,1,1,83.52
583,23,36646.32,73.71,5,north,0,0,0.0
584,20,41258.59,277.71,4,west,1,0,0.0
585,39,57734.79,228.68,3,west,0,0,0.0
586,66,59907.84,543.79,6,south,1,1,80.03
587,53,34853.49,749.38,4,north,0,0,0.0
588,23,45296.84,438.36,9,north,0,0,0.0
589,61,47783.17,219.0,5,east,0,0,0.0
590,61,114148.48,244.1,5,south,1,0,0.0
591,59,101034.84,118.45,1,east,1,0,0.0
592,64,56765.01,138.12,5,west,1,0,0.0
593,30,57728.33,209.61,4,north,0,0,0.0
594,68,42015.92,193.43,6,west,0,0,0.0
595,34,26837.39,69.7,8,north,0,0,0.0
596,59,62662.4,547.46,6,north,1,1,79.41
597,48,45042.96,597.62,4,east,0,0,0.0
598,58,63302.99,536.07,4,east,0,0,0.0
599,50,32995.88,610.77,5,west,0,0,0.0
600,51,49760.51,888.83,7,east,0,1,101.68
601,50,67972.54,120.37,5,south,0,0,0.0
602,58,72324.19,864.72,6,east,1,1,125.57
603,56,73349.44,173.56,5,west,1,1,92.83
604,24,38590.22,356.72,4,east,1,0,0.0
605,60,82093.71,54.0,6,south,0,0,0.0
606,45,48995.77,156.4,6,west,0,0,0.0
607,34,77657.16,446.69,4,south,0,0,0.0
608,44,64787.23,368.46,3,south,0,0,0.0
609,68,37472.25,170.93,2,south,0,0,0.0
610,62,58676.05,244.02,7,south,0,0,0.0
611,61,72307.27,143.34,3,north,0,0,0.0
612,42,77259.31,445.88,6,east,1,0,0.0
613,58,62180.24,571.28,4,east,1,1,58.72
614,38,95635.58,120.83,8,south,0,0,0.0
615,53,85150.22,226.18,8,west,1,0,0.0
616,51,59866.92,66.95,5,south,1,1,89.14
617,30,80002.44,271.8,5,south,0,0,0.0
618,31,103675.87,331.45,0,north,1,0,0.0
619,21,104209.69,287.8,4,west,1,1,96.57
620,25,40440.0,313.67,4,north,0,0,0.0
621,40,46469.34,208.64,6,north,0,0,0.0
622,42,94698.38,212.4,7,west,1,0,0.0
623,26,43834.38,205.05,4,east,0,0,0.0
624,39,38549.18,152.6,5,north,1,0,0.0
625,49,55276.12,168.17,4,south,0,0,0.0
626,30,73404.53,321.12,3,east,1,0,0.0
627,35,62952.07,547.84,14,north,0,1,101.03
628,37,51988.73,103.09,5,west,0,0,0.0
629,44,51515.75,211.81,3,east,0,0,0.0
630,37,50753.26,84.4,4,north,0,0,0.0
631,56,47409.81,154.86,10,east,1,0,0.0
632,35,110632.66,176.11,5,north,1,0,0.0
633,40,70950.22,258.28,5,east,1,1,90.56
634,37,82735.18,253.13,7,south,1,1,87.76
635,27,55218.45,224.68,5,north,0,0,0.0
636,53,61280.87,303.21,9,east,0,0,0.0
637,30,50728.92,112.03,10,south,0,1,59.42
638,33,20000.0,259.82,5,south,0,0,0.0
639,59,37439.81,375.61,4,west,1,1,75.24
640,67,28787.63,110.81,3,east,0,0,0.0
641,52,20004.32,43.49,5,south,0,0,0.0
642,65,41092.82,443.5,5,north,0,0,0.0
643,62,91499.11,86.95,2,east,1,0,0.0
644,43,64111.28,148.8,4,north,1,0,0.0
645,58,90811.28,368.39,5,west,0,0,0.0
646,35,73219.65,105.94,3,north,0,0,0.0
647,41,80651.18,423.49,7,east,1,0,0.0
648,45,46982.06,131.7,8,south,1,0,0.0
649,67,75479.02,118.47,10,east,0,0,0.0
650,62,79574.28,84.79,4,south,0,0,0.0
651,43,53467.05,132.69,4,north,0,0,0.0
652,51,76190.81,335.61,4,west,0,1,78.78
653,28,76323.76,148.82,8,west,0,0,0.0
654,59,54008.95,444.7,4,north,1,0,0.0
655,46,42544.63,231.4,8,north,0,0,0.0
656,45,41317.43,246.31,6,east,0,0,0.0
657,57,66730.11,115.4,3,west,1,0,0.0
658,50,71540.2,488.22,8,east,1,1,92.29
659,21,49149.48,377.65,6,north,1,1,109.02
660,32,65531.71,370.56,2,east,0,0,0.0
661,27,76410.74,199.81,5,south,0,1,66.49
662,56,77363.81,75.31,6,east,1,0,0.0
663,19,96037.6,255.81,8,south,1,0,0.0
664,28,90539.62,326.0,5,north,0,0,0.0
665,49,44974.17,328.21,6,north,0,0,0.0
666,54,98671.72,298.74,5,east,1,1,93.57
667,44,54380.47,290.25,3,east,0,0,0.0
668,62,85897.46,131.17,3,south,1,0,0.0
669,65,66359.73,136.53,8,north,1,0,0.0
670,24,56757.01,85.55,7,west,1,1,78.87
671,67,28846.06,448.08,5,north,0,0,0.0
672,49,61568.71,727.88,7,north,1,1,112.88
673,51,33812.34,1179.37,3,south,0,1,133.53
674,22,84345.98,268.5,6,east,1,0,0.0
675,50,95335.85,290.76,4,west,1,0,0.0
676,55,49061.78,205.84,6,east,1,0,0.0
677,48,71039.41,265.54,6,west,0,1,67.61
678,22,50492.17,105.58,6,east,0,0,0.0
679,45,52430.31,202.74,2,west,0,0,0.0
680,66,80489.89,119.29,7,north,0,0,0.0
681,55,64229.23,183.52,3,north,1,0,0.0
682,25,99792.96,127.92,5,east,1,0,0.0
683,67,55355.35,326.11,6,west,1,1,80.67
684,67,84986.73,354.25,1,east,0,0,0.0
685,26,66948.27,284.58,7,south,0,0,0.0
686,59,80915.56,136.99,5,south,0,1,75.61
687,39,56056.85,80.19,5,north,1,0,0.0
688,48,64008.82,356.93,6,south,1,0,0.0
689,41,62690.02,230.51,5,east,0,0,0.0
690,58,48278.86,41.55,5,north,1,0,0.0
691,69,78241.63,254.31,5,south,0,0,0.0
692,59,78004.98,292.26,10,south,1,1,50.75
693,66,76871.09,57.22,7,south,0,0,0.0
694,67,95739.31,329.97,5,west,1,0,0.0
695,22,93986.9,66.25,7,west,0,1,57.96
696,31,57501.11,125.12,2,south,0,0,0.0
697,55,72461.05,66.68,5,west,1,1,59.21
698,48,52527.99,114.47,6,east,0,0,0.0
699,20,65467.11,80.84,3,west,0,0,0.0
700,22,53005.01,446.23,4,east,0,0,0.0
701,45,97401.41,191.83,6,east,0,1,80.57
702,50,72273.96,162.18,9,east,0,0,0.0
703,26,60639.42,474.03,3,south,0,0,0.0
704,26,88872.37,458.26,4,east,1,0,0.0
705,24,21587.69,172.36,2,east,0,0,0.0
706,47,24717.95,280.75,8,east,0,0,0.0
707,18,80916.77,145.59,8,north,1,1,76.53
708,47,66209.37,214.07,2,east,0,0,0.0
709,42,70008.93,94.46,7,east,0,0,0.0
710,42,38472.08,309.48,7,north,1,0,0.0
711,53,64535.33,486.23,5,west,1,1,90.38
712,45,105070.19,431.67,6,west,1,0,0.0
713,55,81483.99,238.29,4,east,1,0,0.0
714,57,68394.13,37.28,3,west,0,0,0.0
715,65,56218.92,140.29,1,west,1,0,0.0
716,59,57108.54,213.87,11,south,1,1,63.69
717,44,22416.04,71.47,5,west,0,0,0.0
718,43,70152.81,60.26,6,west,0,0,0.0
719,30,81909.66,573.93,8,north,0,0,0.0
720,49,33487.61,399.0,4,west,0,0,0.0
721,25,51771.66,325.93,1,north,0,0,0.0
722,66,41850.71,368.84,5,south,0,1,76.81
723,61,45692.98,83.27,4,west,0,0,0.0
724,24,66069.63,111.27,6,east,0,1,78.69
725,58,23311.96,269.06,6,south,0,1,61.38
726,24,77285.41,283.91,4,east,1,1,112.46
727,55,80077.1,67.57,4,north,0,0,0.0
728,22,59977.95,255.87,6,north,1,0,0.0
729,43,20000.0,216.75,6,west,0,0,0.0
730,52,45071.63,422.67,4,north,0,0,0.0
731,55,89658.04,284.88,2,west,0,1,110.02
732,39,20000.0,616.2,3,south,0,0,0.0
733,65,58049.53,173.11,5,north,1,0,0.0
734,58,41399.98,88.41,5,west,1,1,69.51
735,28,81091.41,605.83,7,north,0,1,79.83
736,52,51497.72,295.23,6,south,0,0,0.0
737,55,73079.08,217.68,7,north,0,0,0.0
738,35,76309.21,114.82,5,west,0,0,0.0
739,56,101724.52,174.66,2,south,1,0,0.0
740,64,60941.16,167.68,3,east,0,0,0.0
741,60,72520.89,84.95,3,north,0,0,0.0
742,57,35298.89,25.59,2,east,0,0,0.0
743,50,88808.27,164.65,4,east,0,0,0.0
744,32,49789.82,375.12,2,south,0,0,0.0
745,59,53784.92,513.17,3,west,1,0,0.0
746,36,64555.04,433.52,2,south,1,0,0.0
747,45,33742.31,450.06,1,east,1,0,0.0
748,34,69575.4,94.15,2,north,1,0,0.0
749,34,84349.33,272.62,8,west,1,1,105.22
750,26,70858.68,327.65,5,north,0,0,0.0
751,67,33222.05,341.88,5,east,1,0,0.0
752,25,62523.81,214.16,8,north,0,0,0.0
753,22,79840.58,249.78,5,north,1,1,109.8
754,66,27440.22,425.14,3,north,1,1,103.69
755,46,43504.68,319.69,4,west,1,1,91.34
756,40,82530.87,360.38,5,north,1,0,0.0
757,56,70401.91,158.82,8,west,0,1,78.59
758,37,73239.43,347.84,5,east,1,0,0.0
759,24,102189.9,247.43,10,north,1,1,90.65
760,55,74371.06,397.41,3,south,1,1,86.85
761,27,78157.76,131.13,3,south,0,0,0.0
762,46,119214.91,376.34,6,south,1,1,111.08
763,67,60723.91,176.48,11,east,0,0,0.0
764,66,49042.34,377.49,6,west,0,0,0.0
765,36,73555.93,273.85,4,west,0,0,0.0
766,58,73779.82,234.68,5,east,0,0,0.0
767,49,54465.69,183.84,8,west,0,0,0.0
768,42,44352.06,218.36,3,west,0,0,0.0
769,25,111196.89,164.95,5,north,1,0,0.0
770,37,71536.87,180.96,4,east,1,0,0.0
771,51,50354.29,313.91,4,west,1,0,0.0
772,69,83318.61,49.06,3,north,0,0,0.0
773,18,62817.1,374.08,7,east,1,0,0.0
774,55,59942.37,378.26,2,west,0,0,0.0
775,62,76245.46,188.02,3,south,1,0,0.0
776,67,39162.35,254.4,5,west,0,0,0.0
777,40,72052.54,104.78,3,west,0,0,0.0
778,24,103259.1,300.22,6,east,1,1,108.27
779,32,74323.55,116.17,6,east,0,0,0.0
780,62,57475.76,8.83,6,east,0,0,0.0
781,63,54857.89,500.55,1,south,0,0,0.0
782,51,56793.2,94.97,7,south,0,0,0.0
783,24,59920.75,214.95,5,east,1,1,94.78
784,24,57443.87,261.22,3,south,0,0,0.0
785,42,83326.23,313.44,2,west,0,0,0.0
786,48,30335.82,228.96,5,west,1,0,0.0
787,19,82240.0,277.46,6,south,1,0,0.0
788,53,57406.27,184.72,1,east,0,0,0.0
789,46,72538.96,58.61,6,north,1,0,0.0
790,18,42460.24,222.65,7,north,0,0,0.0
791,22,91572.62,342.93,2,south,0,0,0.0
792,41,89912.7,100.11,11,north,1,0,0.0
793,55,84191.81,263.11,4,west,1,1,73.33
794,60,34704.9,694.65,9,north,0,1,81.02
795,40,81582.42,212.17,1,south,0,0,0.0
796,33,73097.1,220.18,3,south,1,0,0.0
797,68,32894.58,53.91,10,north,0,0,0.0
798,41,64514.05,90.05,7,south,1,1,106.19
799,34,72290.69,117.23,5,east,0,1,77.45
800,41,76121.51,333.99,4,west,0,1,69.95
801,18,68545.23,106.09,2,north,1,0,0.0
802,33,70824.63,36.59,3,north,1,0,0.0
803,44,94472.23,295.99,6,south,1,0,0.0
804,65,89520.68,126.25,8,south,1,0,0.0
805,56,20000.0,56.07,6,west,1,0,0.0
806,58,58651.23,361.66,5,north,0,0,0.0
807,46,61706.98,169.1,3,south,0,0,0.0
808,23,29958.03,315.03,3,east,1,0,0.0
809,38,66883.66,54.14,1,south,0,0,0.0
810,69,89975.16,22.44,6,east,1,0,0.0
811,20,43268.64,245.89,4,west,0,0,0.0
812,63,71728.02,87.21,8,east,0,0,0.0
813,53,46683.53,243.41,7,south,0,1,88.64
814,32,51561.76,247.15,9,west,1,1,68.04
815,58,94547.87,225.31,5,west,1,0,0.0
816,61,54148.84,447.73,3,west,0,0,0.0
817,20,74244.25,1074.8,5,north,0,0,0.0
818,23,27575.64,292.42,4,west,0,0,0.0
819,52,102246.35,694.22,3,west,1,1,128.64
820,69,77053.05,172.63,7,west,0,0,0.0
821,19,61350.0,72.91,6,east,0,0,0.0
822,52,76510.93,133.28,3,south,0,0,0.0
823,25,36803.61,180.58,3,east,1,0,0.0
824,51,88650.61,731.51,6,east,1,1,117.62
825,50,58520.3,234.65,7,west,0,0,0.0
826,22,60918.61,458.66,6,south,0,0,0.0
827,53,55166.89,161.78,3,east,0,0,0.0
828,64,53386.97,146.83,5,west,1,0,0.0
829,62,78893.41,51.9,7,west,1,0,0.0
830,19,70118.14,716.67,1,north,1,0,0.0
831,30,78034.96,559.3,9,west,0,1,91.06
832,30,64824.11,265.02,7,north,1,0,0.0
833,41,75264.0,188.69,5,west,0,0,0.0
834,25,56623.03,241.11,3,north,0,0,0.0
835,62,109594.64,70.17,5,north,0,0,0.0
836,58,33641.39,314.62,6,east,0,0,0.0
837,60,90218.75,529.86,6,east,0,0,0.0
838,28,92358.15,547.1,7,east,0,0,0.0
839,18,47956.82,54.16,6,south,0,0,0.0
840,65,109585.47,455.9,7,north,1,1,79.52
841,33,84909.81,70.62,4,east,1,0,0.0
842,52,84422.78,24.54,4,east,1,0,0.0
843,65,65560.44,467.16,3,east,1,1,79.27
844,19,60655.48,151.75,4,south,0,0,0.0
845,18,60811.82,424.83,7,west,1,1,87.12
846,18,72810.61,400.1,6,west,0,0,0.0
847,26,93023.73,366.93,5,north,1,0,0.0
848,20,68626.28,239.0,2,north,1,0,0.0
849,60,46771.13,78.23,3,north,1,1,75.93
850,49,81488.54,180.87,7,north,0,1,95.89
851,68,83423.01,552.99,0,east,1,1,99.58
852,59,78093.19,432.09,7,east,0,0,0.0
853,68,79909.98,188.16,9,south,0,0,0.0
854,30,59581.44,186.4,6,east,1,0,0.0
855,32,46420.22,345.26,8,west,0,0,0.0
856,62,47636.13,251.54,4,west,0,0,0.0
857,30,32290.74,195.58,8,south,0,1,80.63
858,20,69738.97,325.95,10,east,1,0,0.0
859,52,63331.02,318.6,6,east,1,0,0.0
860,59,56200.25,136.29,7,west,0,0,0.0
861,68,20000.0,287.73,5,west,0,0,0.0
862,66,40053.65,305.46,5,south,1,0,0.0
863,24,87416.81,226.07,7,west,1,1,76.74
864,58,51707.48,124.66,7,south,1,0,0.0
865,61,72211.83,176.6,5,west,1,0,0.0
866,54,37186.29,104.44,6,west,1,0,0.0
867,60,93774.11,293.18,4,west,1,0,0.0
868,61,62119.45,54.48,4,north,1,0,0.0
869,41,70800.81,589.83,4,north,1,0,0.0
870,20,111515.6,513.88,1,west,1,0,0.0
871,41,95328.8,310.49,10,north,0,0,0.0
872,28,58868.69,415.55,9,north,1,1,102.82
873,23,53135.6,397.39,2,south,1,0,0.0
874,24,58489.1,254.3,7,south,0,0,0.0
875,54,75197.96,199.68,3,north,0,1,54.61
876,44,62895.52,183.1,7,north,1,0,0.0
877,46,57095.12,603.79,4,south,0,1,102.72
878,56,94343.63,120.98,4,east,0,1,80.24
879,46,62715.8,122.97,9,east,1,1,107.55
880,50,110991.78,439.84,7,west,0,0,0.0
881,22,66814.85,412.91,5,west,1,0,0.0
882,62,100706.37,191.08,3,north,1,0,0.0
883,41,72146.39,333.44,6,east,1,0,0.0
884,26,84259.21,363.48,5,north,0,1,75.24
885,60,50507.78,74.73,5,south,1,0,0.0
886,56,47924.82,535.35,3,south,0,1,112.55
887,20,74194.12,363.39,2,east,1,0,0.0
888,28,84771.06,314.45,7,south,1,0,0.0
889,18,65805.13,365.29,6,west,1,0,0.0
890,32,39272.13,288.99,6,south,1,1,82.99
891,23,37794.83,216.7,9,west,0,0,0.0
892,54,36457.27,255.91,2,west,0,0,0.0
893,45,29647.56,68.48,3,east,0,0,0.0
894,68,67189.71,757.9,11,north,1,0,0.0
895,56,87500.88,214.04,2,east,0,0,0.0
896,49,64731.68,749.73,7,south,0,1,117.95
897,44,20000.0,259.0,7,south,0,0,0.0
898,20,61184.79,145.75,5,south,0,0,0.0
899,21,61744.02,525.46,6,south,0,1,101.31
900,50,106919.98,305.8,10,south,1,1,101.13
901,18,35857.24,931.62,5,west,1,0,0.0
902,20,57186.45,142.8,3,south,0,0,0.0
903,29,99117.05,539.71,4,south,1,1,110.45
904,63,73999.57,558.21,3,east,1,1,77.26
905,41,76266.26,383.86,4,north,0,0,0.0
906,54,67291.69,561.2,3,east,0,1,76.12
907,39,71598.87,217.68,7,west,1,0,0.0
908,27,80552.19,120.48,2,west,1,0,0.0
909,37,48810.27,156.29,4,north,1,0,0.0
910,22,82561.17,246.49,7,south,1,0,0.0
911,58,37539.94,397.07,6,north,0,0,0.0
912,27,71567.36,127.57,2,east,1,0,0.0
913,37,68574.82,183.22,11,south,0,0,0.0
914,68,52674.14,136.06,3,west,0,0,0.0
915,48,64546.29,444.55,5,north,1,0,0.0
916,41,52549.2,745.98,4,west,1,1,84.57
917,46,43565.97,103.89,4,south,0,0,0.0
918,58,57927.71,344.15,6,west,1,0,0.0
919,31,42920.23,481.39,6,north,1,0,0.0
920,51,71455.95,203.78,4,south,1,0,0.0
921,63,41998.29,72.03,3,south,0,0,0.0
922,47,79239.54,522.3,2,west,1,0,0.0
923,41,41370.42,67.85,1,east,0,0,0.0
924,25,53674.1,622.81,2,west,0,1,89.75
925,30,52507.93,133.74,6,east,0,0,0.0
926,67,91502.93,58.6,5,west,0,0,0.0
927,46,71605.8,165.54,2,east,0,0,0.0
928,33,60765.32,232.58,0,east,0,0,0.0
929,39,74974.39,268.78,7,west,0,0,0.0
930,48,22856.15,363.79,9,west,1,0,0.0
931,45,64137.33,286.02,6,east,0,1,63.66
932,54,104950.28,707.65,6,south,1,1,120.42
933,31,67646.93,224.71,4,east,1,0,0.0
934,51,66358.26,296.67,5,east,1,0,0.0
935,41,75962.57,279.67,3,west,1,0,0.0
936,66,82912.1,51.86,1,east,0,0,0.0
937,26,25050.67,87.67,3,west,0,0,0.0
938,25,31353.47,247.2,7,east,0,0,0.0
939,42,69205.83,321.92,3,west,0,0,0.0
940,44,50702.47,33.07,5,west,0,0,0.0
941,53,91240.51,728.36,3,west,0,1,120.19
942,39,58696.51,339.81,8,north,1,1,84.66
943,65,26309.39,237.32,8,west,1,0,0.0
944,42,39639.72,329.25,6,south,0,0,0.0
945,24,20000.0,158.25,4,west,1,0,0.0
946,24,60317.49,270.83,1,south,0,0,0.0
947,68,61232.32,301.65,5,south,1,0,0.0
948,24,56510.75,526.29,5,east,1,1,106.45
949,67,86577.58,210.26,7,east,0,1,85.87
950,32,88970.4,69.63,3,east,0,0,0.0
951,22,61592.23,117.86,1,north,0,0,0.0
952,33,22306.13,197.92,7,west,0,0,0.0
953,49,77345.63,77.06,5,south,1,0,0.0
954,40,76107.2,107.32,1,west,0,1,59.99
955,58,71187.83,118.78,4,south,1,0,0.0
956,49,84629.59,188.06,6,east,1,0,0.0
957,38,41703.44,336.82,2,east,0,0,0.0
958,51,105175.11,181.41,9,north,1,0,0.0
959,68,45811.44,352.38,4,south,1,0,0.0
960,39,79984.46,237.48,5,east,0,0,0.0
961,25,31253.05,110.45,2,west,0,0,0.0
962,39,46394.71,305.15,6,west,0,0,0.0
963,61,95327.37,273.27,5,south,0,1,79.69
964,29,59782.0,358.68,5,east,0,0,0.0
965,67,81798.45,409.07,5,north,1,1,128.67
966,48,69739.11,537.03,9,west,1,1,98.82
967,49,62900.84,344.5,8,west,0,0,0.0
968,34,92277.01,266.99,0,west,0,0,0.0
969,65,60266.82,359.79,2,south,1,1,98.18
970,19,29385.24,168.0,2,south,0,0,0.0
971,33,48935.2,158.52,7,west,0,0,0.0
972,39,76023.83,584.61,5,east,1,1,103.1
973,42,72910.18,154.92,6,north,0,0,0.0
974,42,33658.83,121.33,6,east,0,0,0.0
975,25,50513.15,344.37,6,east,0,0,0.0
976,29,53365.57,169.1,4,south,0,0,0.0
977,22,57690.61,406.33,8,south,0,1,49.71
978,47,37481.73,511.7,6,north,0,0,0.0
979,36,52432.58,135.56,2,south,0,0,0.0
980,47,50427.79,372.62,4,north,0,0,0.0
981,48,80430.67,152.03,2,south,0,0,0.0
982,54,81182.43,201.09,2,north,1,0,0.0
983,46,62083.79,295.6,4,south,1,1,85.15
984,51,57159.2,158.79,7,east,1,0,0.0
985,48,67798.49,277.45,1,south,0,0,0.0
986,51,48668.5,213.5,4,north,1,0,0.0
987,50,42063.36,412.38,5,west,1,0,0.0
988,34,46195.58,413.08,5,south,0,0,0.0
989,30,52303.74,159.4,5,east,0,0,0.0
990,58,41730.52,300.23,8,east,0,0,0.0
991,35,68241.19,454.57,4,east,1,0,0.0
992,46,79594.31,105.83,4,south,1,0,0.0
993,28,33258.03,212.53,1,west,0,0,0.0
994,40,65502.57,291.3,5,west,1,0,0.0
995,45,60601.28,102.02,2,west,1,0,0.0
996,50,71830.17,174.22,7,south,1,0,0.0
997,45,64741.22,661.33,5,south,1,1,141.52
998,36,35928.01,154.56,1,north,1,0,0.0
999,68,39752.21,168.0,1,south,0,0,0.0
1000,44,65588.47,341.82,4,west,0,0,0.0
1001,60,85575.62,91.69,7,south,1,1,57.39
1002,56,20716.25,215.92,2,west,0,1,82.3
1003,47,71914.53,122.3,6,west,0,0,0.0
1004,64,88792.44,277.08,4,east,1,0,0.0
1005,24,61939.48,10.41,0,east,0,0,0.0
1006,65,76004.05,251.11,4,west,0,1,38.13
1007,62,50938.62,296.86,6,north,1,0,0.0
1008,44,62612.68,177.64,8,north,0,0,0.0
1009,56,32581.73,186.11,4,north,0,0,0.0
1010,45,20000.0,161.45,6,west,1,0,0.0
1011,31,83855.32,213.86,3,south,0,0,0.0
1012,59,45300.1,589.57,9,north,1,0,0.0
1013,30,55889.44,420.84,5,north,1,1,115.71
1014,34,37271.15,213.71,8,south,1,1,98.22
1015,45,36800.61,174.27,5,south,0,0,0.0
1016,61,61523.25,395.27,4,north,0,0,0.0
1017,37,50408.46,264.83,7,north,1,1,63.15
1018,43,72559.42,99.87,2,west,0,0,0.0
1019,20,74050.77,196.09,4,west,0,0,0.0
1020,24,71416.99,550.09,2,north,0,1,71.91
1021,20,69772.02,332.79,8,south,0,0,0.0
1022,21,96555.36,175.71,8,south,0,0,0.0
1023,63,43648.12,65.18,10,south,1,0,0.0
1024,61,63901.3,276.12,4,north,1,0,0.0
1025,60,87653.8,238.4,3,west,0,0,0.0
1026,20,90290.8,208.94,5,east,1,0,0.0
1027,22,36564.73,398.18,2,west,0,0,0.0
1028,32,58752.89,335.56,4,south,0,0,0.0
1029,47,92162.42,67.28,6,west,1,0,0.0
1030,35,75161.58,239.34,4,east,1,0,0.0
1031,43,68905.26,83.48,6,north,0,0,0.0
1032,26,60646.31,163.52,6,south,1,0,0.0
1033,56,57323.98,78.04,5,west,0,0,0.0
1034,34,70764.38,80.58,2,west,0,0,0.0
1035,21,59952.52,299.63,4,east,1,0,0.0
1036,56,64148.43,279.72,4,north,1,0,0.0
1037,64,66571.97,226.89,5,east,1,1,91.15
1038,18,51438.57,152.87,8,west,1,0,0.0
1039,40,75642.59,72.96,2,north,0,0,0.0
1040,61,123284.89,164.1,6,south,0,1,72.0
1041,54,29460.27,280.58,6,north,0,0,0.0
1042,62,71480.25,276.19,5,north,1,1,90.79
1043,39,49796.2,542.81,6,west,0,0,0.0
1044,37,76548.05,493.83,5,north,1,0,0.0
1045,54,65931.15,233.33,5,north,1,0,0.0
1046,25,80237.1,162.8,9,north,1,0,0.0
1047,30,88510.13,124.83,4,west,0,1,85.82
1048,49,68848.42,62.99,5,south,0,0,0.0
1049,52,87641.05,91.61,6,west,1,0,0.0
1050,24,20000.0,280.87,6,south,1,0,0.0
1051,44,96809.05,351.13,6,east,1,1,111.42
1052,36,72501.24,188.21,4,west,1,0,0.0
1053,44,86556.87,912.08,7,east,0,1,99.1
1054,67,40602.49,92.38,8,east,0,1,82.45
1055,21,48384.6,57.31,5,north,1,0,0.0
1056,69,67918.77,902.14,7,north,1,1,134.05
1057,41,64659.24,69.77,6,east,0,0,0.0
1058,58,70661.37,186.31,6,south,1,0,0.0
1059,40,86690.3,133.29,8,north,1,1,88.08
1060,34,29695.59,295.24,5,north,0,0,0.0
1061,58,84476.38,176.07,3,south,1,1,79.5
1062,53,65165.64,351.86,7,north,0,0,0.0
1063,25,60924.36,403.5,6,east,1,0,0.0
1064,54,35577.7,62.41,8,south,1,0,0.0
1065,57,75060.97,121.56,4,south,1,0,0.0
1066,38,20000.0,372.04,7,north,1,0,0.0
1067,66,77967.88,456.86,10,east,1,1,81.88
1068,51,35157.88,259.98,6,north,0,0,0.0
1069,35,66069.16,310.18,6,east,0,1,85.03
1070,18,62616.62,564.95,6,west,1,0,0.0
1071,53,88390.76,177.72,2,west,1,0,0.0
1072,28,61426.9,258.01,7,east,0,0,0.0
1073,57,51117.23,494.19,13,west,1,1,96.23
1074,45,54867.95,514.14,4,west,1,0,0.0
1075,42,90457.66,215.03,6,east,0,1,61.94
1076,26,75725.94,124.7,8,south,0,0,0.0
1077,54,57287.4,213.32,4,east,1,0,0.0
1078,26,60271.07,228.28,3,west,1,0,0.0
1079,39,33656.46,121.09,8,east,0,0,0.0
1080,61,72769.48,135.9,7,south,1,0,0.0
1081,65,29803.69,514.6,5,north,0,0,0.0
1082,69,80035.93,319.9,5,north,0,0,0.0
1083,67,67572.43,186.99,8,south,1,0,0.0
1084,46,112739.04,97.29,5,west,1,1,110.93
1085,28,42997.29,137.18,4,east,0,0,0.0
1086,61,62946.76,53.0,5,north,1,0,0.0
1087,59,100965.75,264.71,6,west,0,0,0.0
1088,69,88827.79,131.32,3,south,1,0,0.0
1089,51,51075.76,279.28,6,south,0,0,0.0
1090,25,69479.35,369.54,4,west,1,0,0.0
1091,44,65039.99,282.08,3,south,0,0,0.0
1092,41,70639.12,170.35,5,east,0,0,0.0
1093,61,51026.39,116.15,4,west,1,0,0.0
1094,38,63213.59,85.64,5,east,0,0,0.0
1095,35,33038.95,483.04,5,east,0,1,78.86
1096,22,67702.47,273.76,4,south,0,0,0.0
1097,61,74000.41,177.63,3,west,1,0,0.0
1098,57,60451.61,337.88,6,north,0,0,0.0
1099,20,32698.98,434.17,4,south,0,0,0.0
1100,40,84770.64,133.48,7,west,0,0,0.0
1101,42,72290.5,268.13,6,south,0,1,73.86
1102,42,50479.7,271.87,2,north,1,0,0.0
1103,65,59387.99,549.7,4,south,1,0,0.0
1104,25,34986.61,175.8,6,south,0,1,57.46
1105,33,44491.8,112.78,7,east,1,0,0.0
1106,27,54243.77,288.67,3,north,0,0,0.0
1107,30,89568.42,356.56,7,south,1,0,0.0
1108,65,52209.93,253.21,2,west,0,0,0.0
1109,66,77804.27,573.58,3,north,0,1,94.45
1110,20,54233.68,175.39,5,west,0,0,0.0
1111,50,69958.95,257.58,7,north,1,0,0.0
1112,30,62172.09,67.08,5,south,1,0,0.0
1113,28,82461.13,107.74,8,east,1,1,80.04
1114,33,54303.77,134.16,7,west,0,1,69.95
1115,28,33549.43,197.43,9,south,0,1,113.9
1116,43,37361.02,77.26,10,north,0,0,0.0
1117,69,54362.45,334.74,6,west,0,0,0.0
1118,48,40018.8,124.97,6,west,0,0,0.0
1119,55,73204.24,812.48,4,east,0,0,0.0
1120,43,55684.64,128.49,3,north,0,0,0.0
1121,18,112492.13,239.45,9,east,1,0,0.0
1122,22,30245.71,218.9,8,south,0,0,0.0
1123,31,69072.66,100.34,10,south,1,0,0.0
1124,30,42440.94,197.98,7,north,0,0,0.0
1125,61,55131.97,196.21,3,south,0,1,84.94
1126,61,67828.39,403.75,9,west,0,0,0.0
1127,62,20000.0,296.01,9,north,0,0,0.0
1128,51,69736.52,331.5,4,west,0,0,0.0
1129,46,103058.15,398.05,5,east,1,1,90.59
1130,51,55931.23,335.05,4,east,0,0,0.0
1131,39,70196.16,266.61,6,west,1,0,0.0
1132,52,85498.43,133.2,5,north,1,0,0.0
1133,59,61720.93,255.08,6,west,1,0,0.0
1134,57,53380.8,114.23,9,south,1,0,0.0
1135,49,20000.0,208.94,3,south,0,0,0.0
1136,21,77819.81,189.89,6,south,1,0,0.0
1137,55,62736.63,198.73,6,east,1,0,0.0
1138,37,44746.32,77.95,5,south,1,0,0.0
1139,56,67531.93,10.69,6,west,0,0,0.0
1140,46,53326.39,165.19,2,north,0,0,0.0
1141,63,54431.48,459.1,7,east,1,0,0.0
1142,35,77125.82,237.01,5,east,0,0,0.0
1143,66,38232.35,437.88,1,east,1,0,0.0
1144,61,85946.31,114.84,2,east,1,0,0.0
1145,35,37046.28,159.16,3,east,0,0,0.0
1146,43,51745.97,842.93,3,west,1,0,0.0
1147,45,103458.92,120.49,5,north,0,0,0.0
1148,57,87547.1,327.23,4,south,1,0,0.0
1149,53,66952.08,326.89,8,east,1,1,96.51
1150,62,46189.4,303.41,5,south,0,0,0.0
1151,37,54414.55,329.98,5,west,0,1,90.36
1152,44,66465.51,119.11,3,east,0,0,0.0
1153,40,65750.46,171.15,4,east,0,0,0.0
1154,65,63182.58,15.43,2,north,1,0,0.0
1155,33,64383.35,561.4,4,south,1,0,0.0
1156,48,60712.5,328.67,4,east,1,0,0.0
1157,24,36160.43,134.28,4,south,1,0,0.0
1158,62,54669.79,115.86,5,west,0,0,0.0
1159,37,83292.48,464.22,3,north,1,0,0.0
1160,35,37633.31,127.0,5,north,0,0,0.0
1161,48,61208.89,133.95,6,south,1,0,0.0
1162,43,48604.92,96.8,3,south,0,0,0.0
1163,62,67227.01,370.11,6,west,0,1,95.49
1164,45,57227.34,433.76,5,west,1,0,0.0
1165,44,94547.87,190.74,2,south,1,0,0.0
1166,23,75131.66,435.58,6,east,1,0,0.0
1167,19,38763.94,286.38,3,south,0,0,0.0
1168,38,78424.56,91.93,4,east,1,0,0.0
1169,69,49506.96,535.82,2,east,0,0,0.0
1170,65,53460.07,95.94,3,east,0,1,90.06
1171,50,71276.38,200.89,4,west,1,0,0.0
1172,50,55165.05,191.14,6,east,0,0,0.0
1173,38,82857.12,167.21,13,south,0,0,0.0
1174,27,49509.8,37.44,2,north,0,0,0.0
1175,18,52621.07,735.91,4,east,0,0,0.0
1176,35,51872.58,43.06,2,west,1,0,0.0
1177,34,53687.23,557.11,6,east,0,0,0.0
1178,27,86983.83,112.7,5,west,1,0,0.0
1179,31,77575.93,144.2,4,south,1,0,0.0
1180,19,99198.88,522.83,5,north,0,1,84.47
1181,49,110352.88,307.39,5,east,0,0,0.0
1182,66,44385.66,69.2,4,north,0,0,0.0
1183,53,66408.38,67.9,3,north,0,0,0.0
1184,41,41475.99,277.66,5,east,1,0,0.0
1185,39,49447.88,94.54,7,south,0,0,0.0
1186,33,52398.35,317.14,3,east,0,0,0.0
1187,25,43856.9,339.0,4,east,0,0,0.0
1188,49,43962.25,122.58,5,south,0,0,0.0
1189,47,62114.31,150.25,3,east,1,0,0.0
1190,18,40665.63,283.85,8,east,0,0,0.0
1191,39,81842.54,118.3,6,east,0,0,0.0
1192,32,46644.93,237.24,4,east,1,0,0.0
1193,26,121191.38,874.77,9,south,0,0,0.0
1194,54,55972.31,293.11,3,east,0,0,0.0
1195,45,66440.35,168.98,4,east,1,0,0.0
1196,50,39093.18,782.98,1,north,0,1,99.23
1197,55,99121.84,387.59,8,north,0,1,100.63
1198,69,87390.01,96.49,2,north,1,1,94.96
1199,59,70938.32,112.25,2,north,0,0,0.0
1200,50,38063.95,48.39,6,south,0,0,0.0
